1235,SambR,coderjr,1111,codemenu,01-01-2029
1236,SanjanA,testerjr,1234,testcode,12-12-2023
1122,SambR,coderjr,1111,codemenu,01-01-2029
1236,SanjanA,testerjr,1234,testcode,12-12-2023
3121,SatyaM,testersr,1234,testcode,12-12-2023
5646,ShashR,managerjr,2222,manage,12-12-2025
6543,ShashiK,codersr,1111,codemenu,01-01-2029
8761,RandO,codersr,1111,codemenu,01-01-2029
3499,FhhhhK,testerjr,1234,testcode,12-12-2023
9012,RahulG,architect,2210,architectureDev,21-09-2025
4000,PoiU,architect,2210,architectureDev,21-09-2025
